country,event_id,email,user_name,monster_id
de_DE,0,kabuskarin@example.net,trommleremilie,111
de_DE,0,clemens87@example.com,valentine36,67
de_DE,0,zeynep11@example.com,pbriemer,21
de_DE,0,viktoria64@example.net,karl-heinz07,46
de_DE,0,ekrebs@example.net,kabusraphaela,132
de_DE,0,tony10@example.com,steven93,214
de_DE,0,reichmanndoerte@example.org,xtaesche,238
de_DE,0,monique50@example.net,ahmed19,67
de_DE,0,klotzmagdalena@example.net,harm67,229
de_DE,0,tklemm@example.com,jobstwinkler,47
de_DE,0,danuta63@example.com,ellahaering,46
de_DE,0,mahmoudgude@example.net,dorota07,21
de_DE,0,scholtzanatolij@example.com,natalija00,67
de_DE,0,rustbetty@example.com,schinkelouis,214
de_DE,0,staudemahmut@example.com,rcaspar,214
de_DE,0,jkohl@example.net,cheinz,132
de_DE,0,danielegude@example.org,rabea34,214
de_DE,0,renate66@example.net,mary05,229
de_DE,0,timodavids@example.org,anne-rose27,45
de_DE,0,weimeradolf@example.net,luigihoerle,47
de_DE,0,kabusfatma@example.com,wolfhardtextor,46
de_DE,0,pascalfliegner@example.com,eanders,45
de_DE,0,imisicher@example.org,rosmariehenck,45
de_DE,0,burkardbiggen@example.net,mariusbeier,73
de_DE,0,dunjarogge@example.com,heidrichothmar,238
de_DE,0,marioharloff@example.org,phornig,47
de_DE,0,patzler@example.net,berendzimmer,214
de_DE,0,aytenkade@example.org,rgeisler,46
de_DE,0,mirja48@example.net,nataschajunitz,214
de_DE,0,hamanngundi@example.org,qlachmann,238
de_DE,0,siglinde23@example.com,elise61,132
de_DE,0,ludwigkrause@example.net,adlertony,67
de_DE,0,pgeissler@example.com,dspiess,238
de_DE,0,danielelange@example.org,klappanatolij,21
de_DE,0,huldabarth@example.org,qbaum,47
de_DE,0,bernadettegutknecht@example.org,alexandrabohlander,67
de_DE,0,ysager@example.net,tkensy,256
de_DE,0,soedingeugenie@example.com,sjopich,44
de_DE,0,nadja69@example.org,kroht,46
de_DE,0,heinjorge@example.com,hoerlegertraud,229
de_DE,0,paertzeltmara@example.org,zaenkerklaus-d,111
de_DE,0,paffrathlidwina@example.com,ludmillastroh,47
de_DE,0,sagermiodrag@example.net,anita92,238
de_DE,0,maxjopich@example.org,lsoelzer,21
de_DE,0,hans-herbert90@example.org,vmosemann,218
de_DE,0,textorherbert@example.net,raymondhettner,256
de_DE,0,ekrebs@example.net,kabusraphaela,229
de_DE,0,anni76@example.net,vvollbrecht,214
de_DE,0,ismetkraushaar@example.org,thedajaentsch,47
de_DE,0,schlosserfelicia@example.com,kargeelsa,46
de_DE,0,anatolhethur@example.com,kuno26,238
de_DE,0,ehlertkonstantinos@example.org,hstriebitz,218
de_DE,0,eileen77@example.com,mneuschaefer,47
de_DE,0,pohleugenie@example.org,stumpfmarina,109
de_DE,0,nstiebitz@example.org,melitta88,218
de_DE,0,frankeelli@example.org,aneta96,44
de_DE,0,nergerreinhard@example.org,hhoefig,45
de_DE,0,hethurelena@example.org,trohleder,67
de_DE,0,fschenk@example.com,bgeisel,256
de_DE,0,hans-christianatzler@example.net,fseifert,45
de_DE,0,josereuter@example.net,hoerlemark,45
de_DE,0,marko68@example.com,vituslange,112
de_DE,0,wulfhelmtrud@example.com,nuri73,238
de_DE,0,adrianesorgatz@example.net,iwan82,73
de_DE,0,luciathies@example.com,jheinrich,45
de_DE,0,reichmanndoerte@example.org,xtaesche,132
de_DE,0,geschesontag@example.com,renneranni,46
de_DE,0,killeremanuel@example.org,nicolairudolph,256
de_DE,0,chering@example.com,damarisbluemel,112
de_DE,0,inna12@example.com,drubinandree,21
de_DE,0,umude@example.com,rohtloni,47
de_DE,0,nkoester@example.org,herrmann73,73
de_DE,0,paertzeltwilliam@example.com,irmtrudschmidt,46
de_DE,0,mschlosser@example.net,schmidtkejurij,214
de_DE,0,alberto23@example.org,gerlachleon,229
de_DE,0,ofoerster@example.org,muzafferheintze,45
de_DE,0,stiffelfreia@example.net,preissrudolf,238
de_DE,0,isabella48@example.net,hellmuth49,256
de_DE,0,weisshorst-guenter@example.org,andrei90,214
de_DE,0,doerte12@example.org,mtroest,67
de_DE,0,guenther97@example.com,cemal31,47
de_DE,0,stiffelfreia@example.net,preissrudolf,21
de_DE,0,laura63@example.org,wniemeier,21
de_DE,0,rjaekel@example.net,meyerpeer,45
de_DE,0,eggert61@example.net,eklapp,67
de_DE,0,hans-karljaentsch@example.com,ggutknecht,21
de_DE,0,belindaroehrdanz@example.org,wjaekel,214
de_DE,0,eileen77@example.com,mneuschaefer,214
de_DE,0,uroskoth@example.org,karznuran,47
de_DE,0,lorcherkan@example.net,wenckefaust,238
de_DE,0,ymisicher@example.net,gertrauderose,67
de_DE,0,krystyna14@example.net,krista15,46
de_DE,0,antonio93@example.org,gkarge,109
de_DE,0,kochkaty@example.net,dtlustek,73
de_DE,0,gitte77@example.net,rosita02,21
de_DE,0,rkitzmann@example.org,yusufkrause,132
de_DE,0,werneckemahmoud@example.org,gmueller,263
de_DE,0,textorherbert@example.net,raymondhettner,44
de_DE,0,raedelinken@example.net,mijogeissler,238
de_DE,0,spiesshatice@example.net,ruppertdesiree,46
de_DE,0,ditschlerinmirella@example.net,petragunpf,47
de_DE,0,orhanritter@example.com,milenaweihmann,44
de_DE,0,lukajockel@example.net,pergandepascal,73
de_DE,0,ekrebs@example.net,kabusraphaela,45
de_DE,0,raphaelhaering@example.com,arno31,112
de_DE,0,hgertz@example.net,toralfmans,67
de_DE,0,udussen-van@example.net,dietlindepeukert,67
de_DE,0,pschweitzer@example.net,wilmstamara,238
de_DE,0,stollkuno@example.net,leonieauch-schlauchin,46
de_DE,0,maike68@example.org,juliane77,46
de_DE,0,natascha46@example.org,oestrovskyregina,67
de_DE,0,rudolphjunk@example.org,agatha28,45
de_DE,0,hbender@example.org,mandy43,45
de_DE,0,sieringstefan@example.org,schaefergiovanni,40
de_DE,0,piamatthaei@example.net,anna-lena44,46
de_DE,0,niels05@example.org,jakob57,67
de_DE,0,wenzelloeffler@example.org,uatzler,45
de_DE,0,lcaspar@example.com,mesutzobel,218
de_DE,0,mosemannlothar@example.net,neuschaeferjulius,45
de_DE,0,rotraudjopich@example.net,tlindau,229
de_DE,0,gregordoerr@example.com,ingelore88,44
de_DE,0,annedore57@example.net,swetlanarogge,256
de_DE,0,rkitzmann@example.org,yusufkrause,238
de_DE,0,darius90@example.com,hildakuehnert,47
de_DE,0,cschulz@example.com,engin56,229
de_DE,0,eherrmann@example.org,salzsilja,47
de_DE,0,sibillechristoph@example.com,dschleich,263
de_DE,0,etzoldnathalie@example.org,renaschenk,238
de_DE,0,qroemer@example.org,norbertwagner,46
de_DE,0,hans-heinrich04@example.com,albertosuessebier,21
de_DE,0,butteladislaus@example.org,salvatore05,110
de_DE,0,scholtzcilly@example.org,zschleich,67
de_DE,0,ismetkraushaar@example.org,thedajaentsch,218
de_DE,0,bernd-dieter01@example.com,schmidtkeben,132
de_DE,0,wulfhelmtrud@example.com,nuri73,218
de_DE,0,ddoerr@example.net,latzler,67
de_DE,0,qroemer@example.org,norbertwagner,47
de_DE,0,grein-grothzehra@example.org,mwilms,45
de_DE,0,lorcherkan@example.net,wenckefaust,44
de_DE,0,djaekel@example.net,johannpaul-heinz,47
de_DE,0,hartunghans-peter@example.org,franziska04,47
de_DE,0,okoch@example.com,bluemelgordon,46
de_DE,0,blochgerolf@example.com,ygotthard,229
de_DE,0,fbruder@example.org,msager,263
de_DE,0,janinaschomber@example.com,cindy52,47
de_DE,0,eseip@example.com,rosapaertzelt,45
de_DE,0,kochjonathan@example.net,drohleder,73
de_DE,0,esoelzer@example.net,rouven20,229
de_DE,0,ingolfhertrampf@example.org,henkludmilla,238
de_DE,0,heinoschoenland@example.org,cosimo30,46
de_DE,0,burkardloechel@example.com,ameister,46
de_DE,0,dietrich47@example.com,miodragatzler,109
de_DE,0,antonio93@example.org,gkarge,47
de_DE,0,jkohl@example.net,cheinz,256
de_DE,0,scholzluise@example.org,textorhans-uwe,21
de_DE,0,czirme@example.org,eva11,229
de_DE,0,pero65@example.org,lruppert,44
de_DE,0,baererirene@example.com,matthaeikarina,45
de_DE,0,tbolnbach@example.org,waltrautplath,73
de_DE,0,gerolf39@example.com,artur81,111
de_DE,0,vincent61@example.com,gaby37,109
de_DE,0,nhermighausen@example.net,nielstrommler,229
de_DE,0,h-dieterhartmann@example.net,nada97,21
de_DE,0,traudel38@example.org,miriam17,256
de_DE,0,alexandrosadolph@example.org,michelleullmann,44
de_DE,0,gutknechtdiane@example.net,tklingelhoefer,112
de_DE,0,ortmannruediger@example.org,fwesack,45
de_DE,0,conradikreszentia@example.com,writter,112
de_DE,0,dietmar35@example.org,aeberhardt,132
de_DE,0,valentina12@example.com,lwagner,256
de_DE,0,hweinhage@example.net,evelyne01,132
de_DE,0,magdalenekambs@example.com,olivia71,73
de_DE,0,gjopich@example.com,lieselotte64,111
de_DE,0,ismetkraushaar@example.org,thedajaentsch,46
de_DE,0,urselputz@example.com,davidswaltraut,256
de_DE,0,dklemm@example.net,broerricht,67
de_DE,0,hholt@example.net,ira97,44
de_DE,0,anka40@example.net,ghofmann,46
de_DE,0,burkhardtkohl@example.net,hans-joerg17,132
de_DE,0,danielelange@example.org,klappanatolij,21
de_DE,0,grein-grothzehra@example.org,mwilms,73
de_DE,0,ditschlerinmirella@example.net,petragunpf,238
de_DE,0,jkohl@example.net,cheinz,256
de_DE,0,killercosima@example.com,akrause,218
de_DE,0,fadimemeister@example.org,valeria64,67
de_DE,0,wbolander@example.com,gloriaklemm,218
de_DE,0,tboucsein@example.net,charles05,44
de_DE,0,aetzold@example.net,adelheidsauer,73
de_DE,0,natascha46@example.org,oestrovskyregina,132
de_DE,0,henckslavko@example.org,preissdiana,45
de_DE,0,albinasoelzer@example.net,hans-eberhard18,256
de_DE,0,theodorazaenker@example.com,ackermanndirk,21
de_DE,0,pkreusel@example.org,ukuhl,47
de_DE,0,vlindau@example.net,siegbertluebs,45
de_DE,0,maelzeranna@example.net,dietlind72,111
de_DE,0,pero13@example.net,zdravko34,263
de_DE,0,edwin31@example.net,naserbirgit,46
de_DE,0,peukertjolanda@example.com,jozefgude,238
de_DE,0,eklapp@example.com,aloos,73
de_DE,0,monique50@example.net,ahmed19,67
de_DE,0,mirellaroemer@example.org,hessnatascha,47
de_DE,0,birnbaumfelicia@example.com,annedore49,67
de_DE,0,geschesontag@example.com,renneranni,112
de_DE,0,folker23@example.org,dholzapfel,238
de_DE,0,zhahn@example.org,schenkbranko,21
de_DE,0,luisa02@example.org,scheibetheresa,47
de_DE,0,manuel23@example.com,gudemuharrem,238
de_DE,0,vitoschleich@example.net,stumpfmarcus,67
de_DE,0,waltrud72@example.com,claudio09,44
de_DE,0,onerger@example.org,aleksandraputz,46
de_DE,0,annedore57@example.net,swetlanarogge,44
de_DE,0,urogner@example.net,izorbach,73
de_DE,0,trudelhartung@example.com,dana67,47
de_DE,0,fadimemeister@example.org,valeria64,21
de_DE,0,lpeukert@example.org,mareile49,214
de_DE,0,antonioskroker@example.org,sabineschlosser,73
de_DE,0,filizernst@example.org,rgiess,238
de_DE,0,zbigniewotto@example.com,atzlerklaus-guenter,256
de_DE,0,vdietz@example.com,baerergebhard,45
de_DE,0,gitte77@example.net,rosita02,256
de_DE,0,jan60@example.com,janahethur,21
de_DE,0,seifertklaus-peter@example.net,michaelebarkholz,132
de_DE,0,vlehmann@example.net,qwilmsen,111
de_DE,0,ekrem43@example.org,huldaradisch,73
de_DE,0,heidiwerner@example.org,hans-josef61,46
de_DE,0,adietz@example.org,charlottejunken,111
de_DE,0,jtrupp@example.com,heseralbert,110
de_DE,0,suzanne59@example.com,karl-ludwig44,45
de_DE,0,hoffmanndimitri@example.org,noackkarl-werner,214
de_DE,0,helmuthdavids@example.net,chantal37,111
de_DE,0,steyradmila@example.com,krosemann,45
de_DE,0,mircoschlosser@example.net,arnulfgiess,46
de_DE,0,vlange@example.org,ana16,46
de_DE,0,vlindau@example.net,siegbertluebs,67
de_DE,0,xeberth@example.org,mircoherrmann,218
de_DE,0,antonina12@example.com,florentinehermann,263
de_DE,0,scholzluise@example.org,textorhans-uwe,45
de_DE,0,mosemannfreddy@example.org,hennysoeding,238
de_DE,0,heidiwerner@example.org,hans-josef61,238
de_DE,0,sigmundmoechlichen@example.net,nbluemel,256
de_DE,0,bolanderhorst-guenter@example.org,nancyritter,46
de_DE,0,heinkristina@example.org,rognermargita,67
de_DE,0,ljubica07@example.com,istvanernst,112
de_DE,0,zrudolph@example.com,ulrike32,214
de_DE,0,ewieloch@example.org,kscholz,109
de_DE,0,oda96@example.com,junckenhans-gerd,112
de_DE,0,zbigniewotto@example.com,atzlerklaus-guenter,67
de_DE,0,textorherbert@example.net,raymondhettner,45
de_DE,0,xeberth@example.org,mircoherrmann,73
de_DE,0,eschenk@example.net,orosemann,110
de_DE,0,carolinebenthin@example.net,heinz-peter02,73
de_DE,0,carlo05@example.org,nlangern,256
de_DE,0,aytenkade@example.org,rgeisler,67
de_DE,0,luigibarkholz@example.com,niklasdoerr,44
de_DE,0,kitzmannhenny@example.org,geislertadeusz,73
de_DE,0,paoloschleich@example.org,rainer58,256
de_DE,0,boucseinburkhardt@example.org,fredikuehnert,238
de_DE,0,zbarkholz@example.com,therese43,44
de_DE,0,onerger@example.org,aleksandraputz,46
de_DE,0,lissy64@example.net,ulrikegiess,47
de_DE,0,mschlosser@example.net,schmidtkejurij,238
de_DE,0,qloeffler@example.org,abdul92,45
de_DE,0,ascholl@example.net,vhahn,45
de_DE,0,koesterfranz-josef@example.net,magdalena94,218
de_DE,0,gnatzmirella@example.org,rosenowreimar,44
de_DE,0,gordonweinhage@example.org,trommlersabrina,47
de_DE,0,gitte77@example.net,rosita02,73
de_DE,0,schachtconny@example.com,jsegebahn,46
de_DE,0,reimund48@example.net,matthiasmueller,73
de_DE,0,silvia02@example.org,npohl,111
de_DE,0,floraschmidtke@example.org,guenter47,47
de_DE,0,hartmuthgnatz@example.org,katyoderwald,67
de_DE,0,gueltengorlitz@example.net,adelbert24,229
de_DE,0,margrafmartin@example.net,melita35,21
de_DE,0,hans-adolf13@example.com,ohenk,256
de_DE,0,floraschmidtke@example.org,guenter47,46
de_DE,0,lpeukert@example.org,mareile49,238
de_DE,0,anja11@example.org,henni17,67
de_DE,0,sklemt@example.com,dtrommler,214
de_DE,0,eckhardtschmidtke@example.com,ingbert10,67
de_DE,0,jheidrich@example.com,hansjoerg34,67
de_DE,0,danielegude@example.org,rabea34,132
de_DE,0,krzysztofbolnbach@example.com,fredhoelzenbecher,263
de_DE,0,killercosima@example.com,akrause,229
de_DE,0,kkiller@example.net,sieringkarl-hermann,229
de_DE,0,ernahettner@example.org,sbeyer,214
de_DE,0,pmuelichen@example.com,xhamann,263
de_DE,0,jtrupp@example.com,heseralbert,47
de_DE,0,xeberth@example.org,mircoherrmann,214
de_DE,0,norman39@example.org,hans-dietrich78,238
de_DE,0,shermann@example.net,cseidel,45
de_DE,0,fschenk@example.com,bgeisel,45
de_DE,0,slavkogeisler@example.org,evelyn61,73
de_DE,0,zbigniew56@example.com,thanelernst-dieter,44
de_DE,0,rvan-der-dussen@example.com,anne-katrin64,73
de_DE,0,fbruder@example.org,msager,21
de_DE,0,noackivo@example.org,anne-marie26,47
de_DE,0,renimans@example.net,qfinke,238
de_DE,0,anderscarina@example.org,soerentrapp,21
de_DE,0,xullrich@example.org,hartmanngloria,67
de_DE,0,geertkoch-ii@example.net,hedy80,73
de_DE,0,utschentscher@example.org,ajaehn,132
de_DE,0,plathharold@example.org,heinz-guenthergraf,45
de_DE,0,maike68@example.org,juliane77,46
de_DE,0,henning54@example.net,wbohnbach,238
de_DE,0,roehrichtpaulina@example.org,oderwaldgabriella,238
de_DE,0,xlindner@example.net,qnette,238
de_DE,0,veroniqueroskoth@example.com,halina88,67
de_DE,0,langernbertram@example.com,irmelagierschner,47
de_DE,0,ekaterina67@example.net,vassilios43,21
de_DE,0,etta98@example.com,gheintze,238
de_DE,0,sorgatzreinhardt@example.net,kerstin49,73
de_DE,0,steysiegrid@example.org,oestrovskyeberhard,46
de_DE,0,marleentrubin@example.net,zfritsch,214
de_DE,0,gerlindekoehler@example.com,birte43,45
de_DE,0,vittoriocichorius@example.net,friedowirth,263
de_DE,0,metzmarleen@example.org,wilmsensabina,73
de_DE,0,albanwieloch@example.com,cruppersberger,214
de_DE,0,utschentscher@example.org,ajaehn,256
de_DE,0,wmentzel@example.org,gnatzwerner,214
de_DE,0,geschesontag@example.com,renneranni,229
de_DE,0,ihermighausen@example.net,ldussen-van,112
de_DE,0,aribert68@example.org,pkoester,238
de_DE,0,guentherhauffer@example.net,ibrahim26,214
de_DE,0,siegrid50@example.com,christineschuster,46
de_DE,0,chein@example.net,nstaude,67
de_DE,0,rdietz@example.org,sfreudenberger,132
de_DE,0,karl-heinz89@example.net,gilbertgehringer,47
de_DE,0,gjopich@example.com,lieselotte64,67
de_DE,0,ingolfhertrampf@example.org,henkludmilla,110
de_DE,0,knut23@example.org,fgutknecht,47
de_DE,0,ismetkraushaar@example.org,thedajaentsch,229
de_DE,0,jessellisette@example.net,oritter,46
de_DE,0,ehlertkonstantinos@example.org,hstriebitz,67
de_DE,0,stollwolfgang@example.com,xkeudel,73
de_DE,0,sigmundmoechlichen@example.net,nbluemel,21
de_DE,0,kitzmannhenny@example.org,geislertadeusz,256
de_DE,0,katharinakarge@example.net,roderichhellwig,45
de_DE,0,anatolhethur@example.com,kuno26,214
de_DE,0,evelinloechel@example.com,nancy17,67
de_DE,0,maike73@example.org,henckgunhild,109
de_DE,0,alberto23@example.org,gerlachleon,132
de_DE,0,osman64@example.org,mfinke,47
de_DE,0,ole46@example.org,alida19,47
de_DE,0,hartmuthgnatz@example.org,katyoderwald,214
de_DE,0,darius90@example.com,hildakuehnert,46
de_DE,0,burkardmueller@example.com,werneckenatalie,67
de_DE,0,pfechner@example.com,mirkoziegert,256
de_DE,0,mitschkemathilde@example.org,bianka68,112
de_DE,0,keudelheinrich@example.com,lilija47,73
de_DE,0,carolinebenthin@example.net,heinz-peter02,67
de_DE,0,gottholdbender@example.com,wschmiedt,46
de_DE,0,freudenbergerortrud@example.net,geisslermario,46
de_DE,0,bolanderhorst-guenter@example.org,nancyritter,44
de_DE,0,dietrich47@example.com,miodragatzler,214
de_DE,0,sandyhuebel@example.net,joachim17,45
de_DE,0,edwin31@example.net,naserbirgit,73
de_DE,0,eladeck@example.com,konradaustermuehle,109
de_DE,0,jeanetteschuster@example.com,zbolzmann,132
de_DE,0,hans-martinkarge@example.org,elsajunk,45
de_DE,0,sklemt@example.com,dtrommler,47
de_DE,0,stephanie78@example.org,pscheel,47
de_DE,0,heidiwerner@example.org,hans-josef61,238
de_DE,0,katharinakarge@example.net,roderichhellwig,46
de_DE,0,nhermighausen@example.net,nielstrommler,46
de_DE,0,weinholdromuald@example.org,rustelfie,238
de_DE,0,frida93@example.net,sfechner,111
de_DE,0,qmoechlichen@example.net,cgerlach,21
de_DE,0,sabinaschuster@example.com,bruderlilly,44
de_DE,0,kbeer@example.net,gdietz,73
de_DE,0,mahmoudgude@example.net,dorota07,47
de_DE,0,sigrun32@example.net,useidel,110
de_DE,0,johannerose@example.org,curtgerlach,229
de_DE,0,raphaelhaering@example.com,arno31,21
de_DE,0,victor70@example.org,aheinrich,67
de_DE,0,soedingeugenie@example.com,sjopich,238
de_DE,0,horst-dieterstriebitz@example.org,heydrichjane,67
de_DE,0,johanna83@example.org,wagneralex,21
de_DE,0,hermann15@example.net,ubolnbach,47
de_DE,0,elvira79@example.com,waehnergiovanni,263
de_DE,0,bernhardgroettner@example.com,hans-joerg81,214
de_DE,0,salvatore79@example.org,heinz-dieter11,67
de_DE,0,geerthoelzenbecher@example.com,wjungfer,229
de_DE,0,oda71@example.net,concettahuhn,47
de_DE,0,marioharloff@example.org,phornig,214
de_DE,0,constantin88@example.org,qmude,47
de_DE,0,sklemt@example.com,dtrommler,44
de_DE,0,rainer69@example.net,sylvanaebert,214
de_DE,0,fischeringeborg@example.org,zorbachleokadia,21
de_DE,0,adietz@example.org,charlottejunken,47
de_DE,0,kargekaspar@example.com,bernadette71,21
de_DE,0,adolphkay-uwe@example.org,hansjoachim60,73
de_DE,0,koesterantoinette@example.org,egorlitz,46
de_DE,0,claudiokostolzin@example.net,seipdorothee,214
de_DE,0,cillihenk@example.org,sroskoth,47
de_DE,0,constantin88@example.org,qmude,229
de_DE,0,wroehrdanz@example.org,rdrub,21
de_DE,0,thoralf62@example.org,wzaenker,109
de_DE,0,cindyditschlerin@example.net,walentinakraushaar,112
de_DE,0,leonore12@example.com,krausehiltrud,45
de_DE,0,ndobes@example.org,renato42,132
de_DE,0,marittachristoph@example.org,janussuessebier,109
de_DE,0,riehlandrey@example.org,freyabenthin,44
de_DE,0,fhethur@example.com,pbeckmann,214
de_DE,0,krzysztofbolnbach@example.com,fredhoelzenbecher,47
de_DE,0,annedore57@example.net,swetlanarogge,21
de_DE,0,alexandros89@example.org,ywiek,110
de_DE,0,wstumpf@example.org,vogtdagobert,21
de_DE,0,lcaspar@example.com,mesutzobel,47
de_DE,0,cindyditschlerin@example.net,walentinakraushaar,229
de_DE,0,matthaeus99@example.com,nikolai74,46
de_DE,0,waltrud72@example.com,claudio09,21
de_DE,0,geschesontag@example.com,renneranni,218
de_DE,0,wroehrdanz@example.org,rdrub,214
de_DE,0,conradikreszentia@example.com,writter,132
de_DE,0,pero65@example.org,lruppert,45
de_DE,0,folker23@example.org,dholzapfel,46
de_DE,0,estey@example.com,erdal10,256
de_DE,0,pero65@example.org,lruppert,214
de_DE,0,jesselcamilla@example.com,wolfgang63,67
de_DE,0,gerlindekoehler@example.com,birte43,238
de_DE,0,jweiss@example.org,erkan48,44
de_DE,0,heidi32@example.org,otto36,218
de_DE,0,biggensina@example.net,mikhail54,45
de_DE,0,bseip@example.net,gmueller,67
de_DE,0,silke57@example.org,sibelbolzmann,45
de_DE,0,h-dieterhartmann@example.net,nada97,44
de_DE,0,edeltraut53@example.net,roseerna,45
de_DE,0,sgutknecht@example.org,gruppersberger,132
de_DE,0,hasanehlert@example.net,zweitzel,45
de_DE,0,udussen-van@example.net,dietlindepeukert,112
de_DE,0,bernadettegutknecht@example.org,alexandrabohlander,73
de_DE,0,jan60@example.com,janahethur,47
de_DE,0,belindaroehrdanz@example.org,wjaekel,132
de_DE,0,gretel03@example.org,goderwald,67
de_DE,0,ekaterinastiffel@example.com,clarissaetzler,263
de_DE,0,mkaester@example.com,ubuchholz,46
de_DE,0,susanna57@example.com,tlustekcosima,214
de_DE,0,margittadippel@example.com,eschweitzer,21
de_DE,0,franjostumpf@example.com,roemerklaus-guenter,45
de_DE,0,gordonweinhage@example.org,trommlersabrina,112
de_DE,0,buttebaldur@example.org,ogorlitz,73
de_DE,0,raphael16@example.net,moderwald,218
de_DE,0,waltrud72@example.com,claudio09,47
de_DE,0,hgertz@example.net,toralfmans,214
de_DE,0,etzoldnathalie@example.org,renaschenk,45
de_DE,0,nikolaos32@example.com,janin97,67
de_DE,0,detlev23@example.org,fritschljudmila,214
de_DE,0,hildabohnbach@example.com,smatthaei,132
de_DE,0,constantin88@example.org,qmude,214
de_DE,0,qscholtz@example.org,rosita93,218
de_DE,0,samuel84@example.com,heike60,214
de_DE,0,franciswerner@example.com,mareile79,73
de_DE,0,naserhelmtrud@example.com,hkitzmann,45
de_DE,0,selmarohleder@example.org,kdrewes,67
de_DE,0,ingolfhertrampf@example.org,henkludmilla,67
de_DE,0,anderscarina@example.org,soerentrapp,21
de_DE,0,shermann@example.net,cseidel,229
de_DE,0,cbeyer@example.net,erogner,238
de_DE,0,luigibarkholz@example.com,niklasdoerr,218
de_DE,0,tklemm@example.com,jobstwinkler,214
de_DE,0,hans-karljaentsch@example.com,ggutknecht,238
de_DE,0,janinaschomber@example.com,cindy52,73
de_DE,0,saumann@example.net,dolores30,21
de_DE,0,utrueb@example.com,eckart56,256
de_DE,0,rolf-peter74@example.org,slavko38,214
de_DE,0,valentina12@example.com,lwagner,67
de_DE,0,paul-heinzzahn@example.org,deborahmargraf,256
de_DE,0,annelie48@example.net,andre56,218
de_DE,0,uaumann@example.com,heinz78,73
de_DE,0,alberto23@example.org,gerlachleon,47
de_DE,0,edwin31@example.net,naserbirgit,46
de_DE,0,bernd-dieter01@example.com,schmidtkeben,111
de_DE,0,eklapp@example.com,aloos,111
de_DE,0,knappepaul@example.net,recepdavids,132
de_DE,0,adalbertdehmel@example.com,okeudel,45
de_DE,0,paul78@example.org,annegretbecker,238
de_DE,0,poelitzchristopher@example.net,grudolph,238
de_DE,0,marioharloff@example.org,phornig,73
de_DE,0,poelitzchristopher@example.net,grudolph,45
de_DE,0,wullrich@example.org,erwinlange,46
de_DE,0,scheuermannvirginia@example.net,schmiedtpetar,110
de_DE,0,gregordoerr@example.com,ingelore88,214
de_DE,0,mschacht@example.com,marie-theresesaeuberlich,47
de_DE,0,xlindner@example.net,qnette,110
de_DE,0,timodavids@example.org,anne-rose27,263
de_DE,0,bbluemel@example.net,guelten13,132
de_DE,0,jesselcamilla@example.com,wolfgang63,47
de_DE,0,gschoenland@example.com,zobelguenther,45
de_DE,0,wheser@example.net,hans-georg62,57
de_DE,0,paertzeltwilliam@example.com,irmtrudschmidt,44
de_DE,0,bseifert@example.org,arzunoack,44
de_DE,0,gehringerbastian@example.net,nicolasstadelmann,229
de_DE,0,spaertzelt@example.com,vbarkholz,214
de_DE,0,alwin53@example.org,hueseyinnerger,67
de_DE,0,deliazaenker@example.org,adeline79,214
de_DE,0,silvesterconradi@example.net,bernhardmangold,46
de_DE,0,hwalter@example.com,yaseminschleich,47
de_DE,0,eggert61@example.net,eklapp,67
de_DE,0,fischerhansjoerg@example.net,anneliesedoehn,21
de_DE,0,siegrid50@example.com,christineschuster,256
de_DE,0,eckhart24@example.net,wnohlmans,73
de_DE,0,edeltraut53@example.net,roseerna,21
de_DE,0,evangelia20@example.org,karl-heinz90,21
de_DE,0,fadimeschweitzer@example.net,jgute,238
de_DE,0,danielakarz@example.com,hannchen71,73
de_DE,0,czirme@example.org,eva11,214
de_DE,0,guenther97@example.com,cemal31,256
de_DE,0,vlehmann@example.net,qwilmsen,44
de_DE,0,kreuseltatiana@example.net,emitschke,44
de_DE,0,detlev23@example.org,fritschljudmila,214
de_DE,0,mirja48@example.net,nataschajunitz,218
de_DE,0,neuschaefergabriela@example.org,schmiedeckerose,46
de_DE,0,jaekelricardo@example.org,hessklaus-ulrich,47
de_DE,0,dstadelmann@example.org,oauch-schlauchin,263
de_DE,0,wgerlach@example.net,sontageva-marie,73
de_DE,0,yilmazhellwig@example.org,wiltrud56,47
de_DE,0,zirmealeksander@example.com,lloechel,132
de_DE,0,albinasoelzer@example.net,hans-eberhard18,112
de_DE,0,eliaswilms@example.com,giesela10,263
de_DE,0,kabuskarin@example.net,trommleremilie,132
de_DE,0,hakan86@example.com,siegridhesse,21
de_DE,0,jheidrich@example.com,hansjoerg34,46
de_DE,0,gumprichbernhardine@example.net,zbachmann,21
de_DE,0,wgerlach@example.net,sontageva-marie,73
de_DE,0,mohauptalf@example.net,heringdagmar,256
de_DE,0,koesterantoinette@example.org,egorlitz,47
de_DE,0,wbolander@example.com,gloriaklemm,238
de_DE,0,ewieloch@example.org,kscholz,46
de_DE,0,walburga51@example.org,mato20,45
de_DE,0,laszlo68@example.com,aynur16,132
de_DE,0,anja11@example.org,henni17,256
de_DE,0,nstolze@example.net,doerschnerswetlana,109
de_DE,0,ekrebs@example.net,kabusraphaela,44
de_DE,0,rotraudjopich@example.net,tlindau,21
de_DE,0,onerger@example.org,aleksandraputz,238
de_DE,0,klaus-ulrich35@example.org,alfred19,218
de_DE,0,thea58@example.net,naseraziz,45
de_DE,0,alfons89@example.org,heidekensy,229
de_DE,0,hennyheinz@example.com,ebudig,263
de_DE,0,waltermargitta@example.com,tdrub,110
de_DE,0,roemersemra@example.net,muellerbayram,44
de_DE,0,brittberger@example.org,belinda10,229
de_DE,0,esoelzer@example.net,rouven20,47
de_DE,0,wulffvolker@example.org,bmaelzer,110
de_DE,0,rschuchhardt@example.net,ilonafranke,44
de_DE,0,klaus-ulrich35@example.org,alfred19,67
de_DE,0,hertha64@example.org,dietzinsa,132
de_DE,0,ringherma@example.com,cnoack,73
de_DE,0,riehlandrey@example.org,freyabenthin,45
de_DE,0,haaselieschen@example.net,wielochjulius,47
de_DE,0,gehringerbastian@example.net,nicolasstadelmann,45
de_DE,0,jkohl@example.net,cheinz,73
de_DE,0,constantin88@example.org,qmude,44
de_DE,0,kkiller@example.net,sieringkarl-hermann,110
de_DE,0,claudiokostolzin@example.net,seipdorothee,45
de_DE,0,soedingeugenie@example.com,sjopich,256
de_DE,0,hethuredelgard@example.net,eholsten,21
de_DE,0,britroehricht@example.com,zschomber,229
de_DE,0,kurtspeer@example.net,luebsnicolaus,238
de_DE,0,eckhardtschmidtke@example.com,ingbert10,256
de_DE,0,bseip@example.net,gmueller,45
de_DE,0,helfriedstadelmann@example.net,xschulz,111
de_DE,0,britt30@example.com,mia11,73
de_DE,0,laurenz52@example.com,binnerfriedericke,111
de_DE,0,vdietz@example.com,baerergebhard,109
de_DE,0,horst-guenter82@example.org,cziegert,45
de_DE,0,fschenk@example.com,bgeisel,218
de_DE,0,albrecht89@example.com,stiffellorenzo,256
de_DE,0,stollwolfgang@example.com,xkeudel,73
de_DE,0,maelzeranna@example.net,dietlind72,45
de_DE,0,katyehlert@example.org,horst-dieter40,238
de_DE,0,ernst-otto22@example.net,nevenka06,46
de_DE,0,tboucsein@example.net,charles05,238
de_DE,0,guentherhauffer@example.net,ibrahim26,45
de_DE,0,gehringerbastian@example.net,nicolasstadelmann,45
de_DE,0,gutknechtdiane@example.net,tklingelhoefer,238
de_DE,0,mohauptelvira@example.com,walter60,67
de_DE,0,johannerose@example.org,curtgerlach,132
de_DE,0,zimmerconstanze@example.net,beyerhans-adolf,238
de_DE,0,blochgerolf@example.com,ygotthard,46
de_DE,0,ndobes@example.org,renato42,214
de_DE,0,xbloch@example.com,mechthilde38,73
de_DE,0,gschoenland@example.com,zobelguenther,46
de_DE,0,engindobes@example.org,hornigcathrin,67
de_DE,0,textoralena@example.net,wirthirene,44
de_DE,0,werneckemahmoud@example.org,gmueller,21
de_DE,0,albanwieloch@example.com,cruppersberger,46
de_DE,0,sandyhuebel@example.net,joachim17,44
de_DE,0,mielcarekkarolin@example.org,hildegundhoefig,44
de_DE,0,gerlindekoehler@example.com,birte43,21
de_DE,0,salvatoreschulz@example.net,alinegeisler,238
de_DE,0,strohrotraud@example.net,wmuehle,238
de_DE,0,heringreza@example.org,mansjoana,73
de_DE,0,kmoechlichen@example.com,reimund53,45
de_DE,0,waltermargitta@example.com,tdrub,109
de_DE,0,brunhildeschuchhardt@example.com,butteleokadia,21
de_DE,0,meralalbers@example.org,giesshannchen,46
de_DE,0,giovanniherrmann@example.com,htrapp,45
de_DE,0,niels05@example.org,jakob57,44
de_DE,0,carlo05@example.org,nlangern,21
de_DE,0,gkeudel@example.org,wagenknechtgudrun,132
de_DE,0,ibohlander@example.net,ihoefig,214
de_DE,0,gregordoerr@example.com,ingelore88,18
de_DE,0,ofoerster@example.org,muzafferheintze,44
de_DE,0,fischeringeborg@example.org,zorbachleokadia,218
de_DE,0,ekrem43@example.org,huldaradisch,214
de_DE,0,gutknechtdiane@example.net,tklingelhoefer,132
de_DE,0,qboerner@example.org,hoffmannheinz-willi,67
de_DE,0,gorlitzmalte@example.org,radmilahoelzenbecher,47
de_DE,0,jwende@example.org,uschenk,47
de_DE,0,mohauptalf@example.net,heringdagmar,256
de_DE,0,johannerose@example.org,curtgerlach,44
de_DE,0,manuel23@example.com,gudemuharrem,21
de_DE,0,loefflereggert@example.org,qschaefer,21
de_DE,0,keudelheinrich@example.com,lilija47,44
de_DE,0,karl-otto22@example.org,delia47,132
de_DE,0,mschlosser@example.net,schmidtkejurij,110
de_DE,0,vlindau@example.net,siegbertluebs,47
de_DE,0,zirmechantal@example.org,rosita94,256
de_DE,0,loefflereggert@example.org,qschaefer,73
de_DE,0,rkitzmann@example.org,yusufkrause,44
de_DE,0,xnerger@example.net,nikolas89,21
de_DE,0,holmwernecke@example.com,krzysztof81,73
de_DE,0,gehringerknud@example.net,hartunggilda,263
de_DE,0,giovannastahr@example.com,kristinjaehn,67
de_DE,0,steyradmila@example.com,krosemann,256
de_DE,0,francoise66@example.com,jweller,46
de_DE,0,obaum@example.net,ybiggen,214
de_DE,0,gerhardt53@example.com,slobodan75,47
de_DE,0,tania23@example.net,gunnarweinhold,44
de_DE,0,weinhagejohanne@example.org,ruppersbergererhardt,18
de_DE,0,gitte77@example.net,rosita02,47
de_DE,0,foerstersylvana@example.net,vlorch,73
de_DE,0,van-der-dussenmohammed@example.net,kraushaardorota,229
de_DE,0,anette35@example.com,ladecktim,47
de_DE,0,aleksej73@example.org,monikanohlmans,109
de_DE,0,hansgeorg04@example.com,raedelfrieda,47
de_DE,0,meryemjuettner@example.net,theresabaerer,110
de_DE,0,stollehrhard@example.com,muehleheinz-willi,238
de_DE,0,glorch@example.org,roselinde03,214
de_DE,0,anneroseeberth@example.org,ottilie53,256
de_DE,0,hofmannguido@example.net,trubinnina,256
de_DE,0,wiekmarcus@example.net,martinetschentscher,21
de_DE,0,fischerronald@example.org,ljubica49,256
de_DE,0,buttecornelius@example.net,mtroest,47
de_DE,0,van-der-dussenelisabet@example.com,juliusscheuermann,218
de_DE,0,franciswerner@example.com,mareile79,44
de_DE,0,frida93@example.net,sfechner,256
de_DE,0,anettbonbach@example.org,gertraut34,73
de_DE,0,pfechner@example.com,mirkoziegert,73
de_DE,0,pfechner@example.com,mirkoziegert,46
de_DE,0,claus-dieter45@example.org,drago30,21
de_DE,0,marko68@example.com,vituslange,214
de_DE,0,henckslavko@example.org,preissdiana,67
de_DE,0,slobodan88@example.org,aleksanderbluemel,263
de_DE,0,uroskoth@example.org,karznuran,111
de_DE,0,halinascholl@example.org,kilian70,111
de_DE,0,geertkoch-ii@example.net,hedy80,47
de_DE,0,wbolander@example.com,gloriaklemm,132
de_DE,0,ymisicher@example.org,hedy59,45
de_DE,0,severinloos@example.net,albertine03,45
de_DE,0,proehrdanz@example.com,roggejohann,110
de_DE,0,adolf55@example.com,khettner,44
de_DE,0,jacobhans-uwe@example.com,clausgrein-groth,44
de_DE,0,walburga51@example.org,mato20,218
de_DE,0,cillihenk@example.org,sroskoth,67
de_DE,0,rkuehnert@example.org,niemeierwanda,45
de_DE,0,rezaeimer@example.net,mroehrdanz,67
de_DE,0,viktoria64@example.net,karl-heinz07,73
de_DE,0,shendriks@example.com,thies67,46
de_DE,0,mosemannfreddy@example.org,hennysoeding,214
de_DE,0,zrudolph@example.com,ulrike32,47
de_DE,0,nermin42@example.net,klaus-werner77,67
de_DE,0,oreising@example.org,henkrafael,263
de_DE,0,imeldahornich@example.org,plathmarleen,111
de_DE,0,mohammad79@example.org,olenapieper,21
de_DE,0,marittachristoph@example.org,janussuessebier,132
de_DE,0,swaehner@example.com,zkarz,111
de_DE,0,salvatore79@example.org,heinz-dieter11,44
de_DE,0,killercosima@example.com,akrause,256
de_DE,0,evangelia20@example.org,karl-heinz90,46
de_DE,0,hans-herbert90@example.org,vmosemann,112
de_DE,0,kranzgernot@example.com,hornigirena,229
de_DE,0,wtaesche@example.org,karl-ernst33,111
de_DE,0,cindyditschlerin@example.net,walentinakraushaar,67
de_DE,0,hans-wernerreuter@example.com,iris44,263
de_DE,0,mschacht@example.com,marie-theresesaeuberlich,111
de_DE,0,hans-adolfmans@example.com,marleen04,256
de_DE,0,fanny48@example.org,hvan-der-dussen,132
de_DE,0,bruderivana@example.com,hueseyin73,112
de_DE,0,wulffroselinde@example.net,paul69,46
de_DE,0,xnerger@example.net,nikolas89,109
de_DE,0,bernhardgroettner@example.com,hans-joerg81,46
de_DE,0,oda96@example.com,junckenhans-gerd,46
de_DE,0,jwernecke@example.com,svetlanamaelzer,67
de_DE,0,linkegerta@example.org,ibiggen,214
de_DE,0,heidi32@example.org,otto36,214
de_DE,0,gehringerbelinda@example.org,annelorelindau,238
de_DE,0,wheser@example.net,hans-georg62,67
de_DE,0,zenta01@example.org,virginia68,263
de_DE,0,dariuszhornig@example.com,kochrochus,73
de_DE,0,gunhild57@example.net,ustahr,132
de_DE,0,samuel84@example.com,heike60,256
de_DE,0,rkitzmann@example.org,yusufkrause,21
de_DE,0,aysehermann@example.com,dliebelt,57
de_DE,0,konrad94@example.org,silkeroerricht,109
de_DE,0,paertzeltwilliam@example.com,irmtrudschmidt,44
de_DE,0,gnatzmirella@example.org,rosenowreimar,73
de_DE,0,flantzsigmund@example.org,larissafritsch,45
de_DE,0,glorch@example.org,roselinde03,256
de_DE,0,marleentrubin@example.net,zfritsch,67
de_DE,0,muelichenernest@example.net,kweinhage,67
de_DE,0,loefflereggert@example.org,qschaefer,256
de_DE,0,gnatzmirella@example.org,rosenowreimar,256
de_DE,0,blochgerolf@example.com,ygotthard,112
de_DE,0,hholt@example.net,ira97,109
de_DE,0,tlustekeitel@example.com,reinhardtdamian,112
de_DE,0,plathklothilde@example.com,abdullah35,21
de_DE,0,otfriedullmann@example.net,jopichedwin,256
de_DE,0,silvesterconradi@example.net,bernhardmangold,238
de_DE,0,reimund74@example.net,susanna25,21
de_DE,0,proehrdanz@example.com,roggejohann,238
de_DE,0,auch-schlauchinheinz-gerd@example.com,heinz-wilhelmeberhardt,73
de_DE,0,paertzeltmara@example.org,zaenkerklaus-d,46
de_DE,0,pkaul@example.net,dmuelichen,45
de_DE,0,evangelia20@example.org,karl-heinz90,21
de_DE,0,heinjorge@example.com,hoerlegertraud,263
de_DE,0,haaselieschen@example.net,wielochjulius,44
de_DE,0,albrecht89@example.com,stiffellorenzo,21
de_DE,0,kargekaspar@example.com,bernadette71,263
de_DE,0,lisastumpf@example.net,thedaneuschaefer,256
de_DE,0,casparslawomir@example.org,ricardathies,67
de_DE,0,reginaldkruschwitz@example.com,hildegart28,73
de_DE,0,giovannastahr@example.com,kristinjaehn,44
de_DE,0,beieralan@example.com,matthias96,238
de_DE,0,tania23@example.net,gunnarweinhold,45
de_DE,0,priska64@example.org,sgierschner,214
de_DE,0,gundolf87@example.net,hwesack,21
de_DE,0,holmwernecke@example.com,krzysztof81,67
de_DE,0,dan91@example.net,helmut96,44
de_DE,0,h-dieterhartmann@example.net,nada97,67
de_DE,0,wgerlach@example.net,sontageva-marie,46
de_DE,0,susanna57@example.com,tlustekcosima,229
de_DE,0,xullrich@example.org,hartmanngloria,45
de_DE,0,eileen29@example.org,elias21,44
de_DE,0,fadimemeister@example.org,valeria64,132
de_DE,0,mudehans-uwe@example.org,karl-dieterweitzel,73
de_DE,0,hauch-schlauchin@example.net,taeschejutta,218
de_DE,0,heinz-josef47@example.net,wirthsilvana,238
de_DE,0,schachtconny@example.com,jsegebahn,67
de_DE,0,beate56@example.org,tschweitzer,44
de_DE,0,giesela39@example.net,edeltrautharloff,256
de_DE,0,maelzeranna@example.net,dietlind72,263
de_DE,0,annelisehornig@example.org,wandamatthaei,67
de_DE,0,jesselcamilla@example.com,wolfgang63,229
de_DE,0,lorenz62@example.net,xweinhold,109
de_DE,0,birnbaumfelicia@example.com,annedore49,214
de_DE,0,bert17@example.net,ebriemer,73
de_DE,0,frida93@example.net,sfechner,109
de_DE,0,sieringstefan@example.org,schaefergiovanni,112
de_DE,0,sfaust@example.com,hbarth,111
de_DE,0,baererirene@example.com,matthaeikarina,44
de_DE,0,butteladislaus@example.org,salvatore05,214
de_DE,0,hans-adolf13@example.com,ohenk,47
de_DE,0,dklemm@example.net,broerricht,47
de_DE,0,jwende@example.org,uschenk,67
de_DE,0,gundolf87@example.net,hwesack,47
de_DE,0,renate66@example.net,mary05,229
de_DE,0,jacobmuelichen@example.net,freichmann,256
de_DE,0,tthanel@example.com,gerardsorgatz,229
de_DE,0,eklapp@example.com,aloos,256
de_DE,0,wstumpf@example.org,vogtdagobert,45
de_DE,0,stiffelfreia@example.net,preissrudolf,44
de_DE,0,ullmannkathleen@example.org,oderwaldraymund,263
de_DE,0,chein@example.net,nstaude,21
de_DE,0,utschentscher@example.org,ajaehn,47
de_DE,0,hans-martinkarge@example.org,elsajunk,229
de_DE,0,siglinde23@example.com,elise61,132
de_DE,0,gunhild57@example.net,ustahr,238
de_DE,0,alf36@example.com,rudolpharnd,45
de_DE,0,ejunken@example.org,gerlachvolkmar,112
de_DE,0,nermin42@example.net,klaus-werner77,21
de_DE,0,raphaelhaering@example.com,arno31,21
de_DE,0,stadelmannheike@example.org,umatthaei,45
de_DE,0,ullmannfreya@example.net,driehl,21
de_DE,0,ehlertkonstantinos@example.org,hstriebitz,214
de_DE,0,mkaester@example.com,ubuchholz,214
de_DE,0,jkrebs@example.com,margareta23,256
de_DE,0,rolf-peter74@example.org,slavko38,218
de_DE,0,njaekel@example.com,johannheide-marie,44
de_DE,0,rosi46@example.net,kochingbert,73
de_DE,0,frida93@example.net,sfechner,73
de_DE,0,smangold@example.com,sieringnadeschda,229
de_DE,0,huhntadeusz@example.org,kreuselannette,44
de_DE,0,ekrem43@example.org,huldaradisch,21
de_DE,0,heidi32@example.org,otto36,73
de_DE,0,nstiebitz@example.org,melitta88,112
de_DE,0,pohlgesa@example.com,nkuhl,218
de_DE,0,karl-wilhelm12@example.com,malgorzatabutte,73
de_DE,0,isolde74@example.com,leonid00,21
de_DE,0,nerminscholl@example.com,reinhardtedith,128
de_DE,0,poelitzchristopher@example.net,grudolph,238
de_DE,0,minaberger@example.com,uheinz,238
de_DE,0,frida93@example.net,sfechner,46
de_DE,0,guenther97@example.com,cemal31,45
de_DE,0,fischerhansjoerg@example.net,anneliesedoehn,218
de_DE,0,radischclaudius@example.org,doeringberit,132
de_DE,0,feliciabirnbaum@example.com,cynthiareuter,218
de_DE,0,ismetkraushaar@example.org,thedajaentsch,5
de_DE,0,ehrentraudbender@example.com,jacqueline75,44
de_DE,0,edwin31@example.net,naserbirgit,238
de_DE,0,danielakarz@example.com,hannchen71,238
de_DE,0,burkhardtkohl@example.net,hans-joerg17,67
de_DE,0,bernhardgroettner@example.com,hans-joerg81,44
de_DE,0,shendriks@example.com,thies67,214
de_DE,0,beckercaroline@example.net,ehlertbenno,229
de_DE,0,eliaswilms@example.com,giesela10,21
de_DE,0,geschesontag@example.com,renneranni,67
de_DE,0,koch-iimiguel@example.com,roggesibylle,229
de_DE,0,tpergande@example.net,ritterlucia,21
de_DE,0,rkrebs@example.com,hans-wernertextor,47
de_DE,0,suzanne59@example.com,karl-ludwig44,256
de_DE,0,preissnancy@example.org,aschuchhardt,21
de_DE,0,jwernecke@example.com,svetlanamaelzer,45
de_DE,0,anette35@example.com,ladecktim,46
de_DE,0,thomas95@example.com,hubertusholsten,21
de_DE,0,gorlitzrosa-maria@example.com,ismettrommler,111
de_DE,0,jtrupp@example.com,heseralbert,238
de_DE,0,reimund74@example.net,susanna25,46
de_DE,0,ndobes@example.org,renato42,47
de_DE,0,tania23@example.net,gunnarweinhold,67
de_DE,0,stiffelfreia@example.net,preissrudolf,218
de_DE,0,jsoeding@example.com,anastasios20,46
de_DE,0,hauch-schlauchin@example.net,taeschejutta,256
de_DE,0,franjostumpf@example.com,roemerklaus-guenter,111
de_DE,0,paertzeltmara@example.org,zaenkerklaus-d,45
de_DE,0,grein-grothzehra@example.org,mwilms,47
de_DE,0,eckhardtschmidtke@example.com,ingbert10,238
de_DE,0,engelberttintzmann@example.com,ottofoerster,45
de_DE,0,piamatthaei@example.net,anna-lena44,214
de_DE,0,alineputz@example.org,walentina92,67
de_DE,0,eladeck@example.com,konradaustermuehle,45
de_DE,0,anatolhethur@example.com,kuno26,47
de_DE,0,hansgeorg04@example.com,raedelfrieda,238
de_DE,0,rvan-der-dussen@example.com,anne-katrin64,21
de_DE,0,carolinebenthin@example.net,heinz-peter02,238
de_DE,0,kkiller@example.net,sieringkarl-hermann,46
de_DE,0,raphaelhaering@example.com,arno31,218
de_DE,0,etzoldnathalie@example.org,renaschenk,67
de_DE,0,hans-martinkarge@example.org,elsajunk,238
de_DE,0,ralph75@example.com,kochluise,46
de_DE,0,fadimemeister@example.org,valeria64,238
de_DE,0,antonio93@example.org,gkarge,73
de_DE,0,sandyhuebel@example.net,joachim17,73
de_DE,0,qroemer@example.org,norbertwagner,238
de_DE,0,selmarohleder@example.org,kdrewes,132
de_DE,0,gumprichbernhardine@example.net,zbachmann,109
de_DE,0,laura63@example.org,wniemeier,229
de_DE,0,giesela39@example.net,edeltrautharloff,45
de_DE,0,tania23@example.net,gunnarweinhold,46
de_DE,0,sibillaklemm@example.org,plathheike,214
de_DE,0,rkitzmann@example.org,yusufkrause,132
de_DE,0,baptist20@example.org,tschentschertimo,214
de_DE,0,jobst22@example.net,thomasweinhold,214
de_DE,0,aleksej32@example.org,vhoelzenbecher,46
de_DE,0,mohammad79@example.org,olenapieper,46
de_DE,0,van-der-dussenelisabet@example.com,juliusscheuermann,67
de_DE,0,sofia34@example.org,sagerdamian,73
de_DE,0,stadelmannheike@example.org,umatthaei,238
de_DE,0,proehrdanz@example.com,roggejohann,214
de_DE,0,clarissafischer@example.org,nicolai52,47
de_DE,0,manuel23@example.com,gudemuharrem,132
de_DE,0,matthaeus99@example.com,nikolai74,46
de_DE,0,dan91@example.net,helmut96,218
de_DE,0,mitschkemathilde@example.org,bianka68,47
de_DE,0,hakan86@example.com,siegridhesse,67
de_DE,0,doerschnerreimer@example.net,selma41,218
de_DE,0,ktintzmann@example.net,stadelmannrotraud,229
de_DE,0,scholtzcilly@example.org,zschleich,256
de_DE,0,esthertaesche@example.com,ysteinberg,256
de_DE,0,gutknechtdiane@example.net,tklingelhoefer,214
de_DE,0,onaser@example.org,seipioannis,73
de_DE,0,danielegude@example.org,rabea34,46
de_DE,0,dstadelmann@example.org,oauch-schlauchin,44
de_DE,0,ndobes@example.org,renato42,214
de_DE,0,sspeer@example.org,yluebs,46
de_DE,0,imisicher@example.org,rosmariehenck,45
de_DE,0,ernahettner@example.org,sbeyer,67
de_DE,0,wdoerr@example.com,edelbert32,45
de_DE,0,werneckemahmoud@example.org,gmueller,46
de_DE,0,hansgeorg04@example.com,raedelfrieda,110
de_DE,0,strohrotraud@example.net,wmuehle,132
de_DE,0,baptistbloch@example.org,karzalwina,47
de_DE,0,gueltengorlitz@example.net,adelbert24,229
de_DE,0,ekrem43@example.org,huldaradisch,256
de_DE,0,bbluemel@example.net,guelten13,73
de_DE,0,pero65@example.org,lruppert,214
de_DE,0,gordonbeyer@example.net,bolnbachigor,256
de_DE,0,dietrich47@example.com,miodragatzler,44
de_DE,0,kochjonathan@example.net,drohleder,44
de_DE,0,strohrotraud@example.net,wmuehle,45
de_DE,0,cbeyer@example.net,erogner,73
de_DE,0,severinloos@example.net,albertine03,45
de_DE,0,hajohermighausen@example.net,eberthclaus-peter,47
de_DE,0,beckercaroline@example.net,ehlertbenno,214
de_DE,0,imeldahornich@example.org,plathmarleen,67
de_DE,0,silvia02@example.org,npohl,21
de_DE,0,evelynesteckel@example.com,hmangold,214
de_DE,0,aytenkade@example.org,rgeisler,214
de_DE,0,engindobes@example.org,hornigcathrin,67
de_DE,0,gschottin@example.net,weinhagedominic,47
de_DE,0,vlehmann@example.net,qwilmsen,111
de_DE,0,samuel84@example.com,heike60,44
de_DE,0,sfaust@example.com,hbarth,44
de_DE,0,raphael16@example.net,moderwald,110
de_DE,0,qloeffler@example.org,abdul92,229
de_DE,0,ullrichpierre@example.net,friedo16,214
de_DE,0,vlange@example.org,ana16,256
de_DE,0,imeldahornich@example.org,plathmarleen,67
de_DE,0,mohauptalf@example.net,heringdagmar,238
de_DE,0,sofia34@example.org,sagerdamian,238
de_DE,0,lissy64@example.net,ulrikegiess,46
de_DE,0,harloffyusuf@example.net,pzobel,73
de_DE,0,belindaroehrdanz@example.org,wjaekel,110
de_DE,0,pmuelichen@example.com,xhamann,67
de_DE,0,kuschpedro@example.net,cordulabuchholz,67
de_DE,0,njaekel@example.com,johannheide-marie,238
de_DE,0,jaekelricardo@example.org,hessklaus-ulrich,21
de_DE,0,anettbonbach@example.org,gertraut34,238
de_DE,0,isabelladoerr@example.net,xfreudenberger,46
de_DE,0,raedelinken@example.net,mijogeissler,67
de_DE,0,langernbertram@example.com,irmelagierschner,256
de_DE,0,linkegerta@example.org,ibiggen,214
de_DE,0,anettbonbach@example.org,gertraut34,256
de_DE,0,eckhardtschmidtke@example.com,ingbert10,111
de_DE,0,preichmann@example.net,jacobdoerthe,44
de_DE,0,gbolander@example.com,kunigunda42,111
de_DE,0,pfechner@example.com,mirkoziegert,44
de_DE,0,fbruder@example.org,msager,47
de_DE,0,stadelmannheike@example.org,umatthaei,263
de_DE,0,benderruediger@example.com,anatolhuebel,21
de_DE,0,rigohettner@example.net,xschlosser,47
de_DE,0,gordana56@example.net,jhaase,21
de_DE,0,textorrotraut@example.com,mielcarekroy,256
de_DE,0,rgute@example.org,nrudolph,214
de_DE,0,alwin53@example.org,hueseyinnerger,132
de_DE,0,hans-willihecker@example.com,volkhard19,45
de_DE,0,hethuredelgard@example.net,eholsten,47
de_DE,0,stiffelfreia@example.net,preissrudolf,22
de_DE,0,helmuthdavids@example.net,chantal37,111
de_DE,0,susescholtz@example.net,wullrich,21
de_DE,0,yfischer@example.net,claas07,73
de_DE,0,jacoblindner@example.net,angela77,73
de_DE,0,isabel50@example.com,weinhagemarietta,109
de_DE,0,adolphkay-uwe@example.org,hansjoachim60,73
de_DE,0,marioharloff@example.org,phornig,214
de_DE,0,agnesbeer@example.com,bebert,45
de_DE,0,bekirmeyer@example.net,waldtrautdavids,238
de_DE,0,ringherma@example.com,cnoack,47
de_DE,0,susanna57@example.com,tlustekcosima,229
de_DE,0,weihmannwolfhard@example.com,rgute,132
de_DE,0,brittberger@example.org,belinda10,214
de_DE,0,gierschnerisolde@example.com,karl-peter26,73
de_DE,0,cengizstahr@example.com,eleni15,111
de_DE,0,stollehrhard@example.com,muehleheinz-willi,238
de_DE,0,ruthildfiebig@example.org,elenajacobi-jaeckel,109
de_DE,0,jwernecke@example.com,svetlanamaelzer,40
de_DE,0,geerthoelzenbecher@example.com,wjungfer,238
de_DE,0,alidastriebitz@example.net,zeckbauer,67
de_DE,0,weimeradolf@example.net,luigihoerle,214
de_DE,0,onaser@example.org,seipioannis,238
de_DE,0,ortmannruediger@example.org,fwesack,112
de_DE,0,ndobes@example.org,renato42,44
de_DE,0,esthertaesche@example.com,ysteinberg,67
de_DE,0,czirme@example.org,eva11,73
de_DE,0,gehringerbastian@example.net,nicolasstadelmann,45
de_DE,0,evelinloechel@example.com,nancy17,110
de_DE,0,radischclaudius@example.org,doeringberit,263
de_DE,0,albinasoelzer@example.net,hans-eberhard18,21
de_DE,0,wendelin83@example.org,roerrichtsebastian,44
de_DE,0,metzmarleen@example.org,wilmsensabina,21
de_DE,0,shermann@example.net,cseidel,229
de_DE,0,hartunghans-peter@example.org,franziska04,45
de_DE,0,bonbachgunar@example.net,schottinfrancesco,238
de_DE,0,mirjahertrampf@example.org,suse62,238
de_DE,0,annedore57@example.net,swetlanarogge,73
de_DE,0,yfischer@example.net,claas07,67
de_DE,0,hans-martinkarge@example.org,elsajunk,44
de_DE,0,esoelzer@example.net,rouven20,21
de_DE,0,katharinakarge@example.net,roderichhellwig,67
de_DE,0,frida93@example.net,sfechner,46
de_DE,0,esterhettner@example.com,elfi68,21
de_DE,0,doerte12@example.org,mtroest,263
de_DE,0,preichmann@example.net,jacobdoerthe,218
de_DE,0,kbeer@example.net,gdietz,46
de_DE,0,hofmannguido@example.net,trubinnina,238
de_DE,0,ercanniemeier@example.net,metzannie,109
de_DE,0,agnesbeer@example.com,bebert,218
de_DE,0,gierschnerisolde@example.com,karl-peter26,109
